la,lo,XJAVHRR_av,Vegetation,Variance_c,Slope,SD,Road_densi,Relative_E,Particle_s,Elevation,Distance_f,Curve_numb,Agricultur,level
40.809652,77.327271,0.0681004,0.40901,0.611668,0.251652,0.274629,0.0224947,0.0451011,0.235506,0.345888,0.0071322,0.6,0.0038218,4
40.747257,77.67334,0.0609319,0.414825,0.61139,0.184436,0.272299,0.0224947,0.11353,0.417016,0.389631,0.0058254,0.6,0.0038218,4
41.00063,78.563232,0.0573477,0.312941,0.611161,0.0815268,0.351001,0.0224947,0.0155521,0.862875,0.251847,0.0321765,0.8,0.0038218,4
39.96028,76.360474,0.0501792,0.351942,0.61188,0.283682,0.348087,0.0504555,0.124417,0.862875,0.262574,0.0462548,0.292308,0.0094804,2
36.977084,84.213467,0.0430108,0.32682,0.611461,0.174456,0.0978272,0.0129525,0.0762053,0.352714,0.366627,0.0015769,0.8,0.0009376,1
38.129426,85.575256,0.0107527,0.663022,0.611151,0.0040134,0.0879,0.0129525,0.0040436,1,0.1677,0.0169441,0.569231,0.0009376,1
37.615886,86.002975,0.0394265,0.298131,0.611334,0.104568,0.0962423,0.0129525,0.0491446,0.414658,0.318355,0.0032542,0.8,0.0009376,1
38.959409,88.26416,0.0143369,0.250678,0.611238,0.0146712,0.152831,0.0214008,0.0152411,0.509683,0.130989,0.0316085,0.8,0.0003041,1
38.5997,89.187012,0.0394265,0.29441,0.611276,0.0373936,0.132144,0.0214008,0.0133748,0.862875,0.401192,0.0416909,0.8,0.0003041,2
38.268915,77.278519,0.0107527,0.546794,0.611153,0.0067391,0.159491,0.0889279,0.0034215,0.240826,0.165793,0.0041783,0.646154,0.101779,1
39.711413,75.242615,0.0537634,0.297123,0.611204,0.0278499,0.549321,0.0706866,0.0186625,0.28572,0.272944,0.0091439,0.6,0.0007498,2
39.724353,75.258408,0.0537634,0.408622,0.611202,0.024128,0.549321,0.0706866,0.022084,0.28572,0.276162,0.002302,0.6,0.0007498,2
37.087759,81.684698,0.0107527,0.280453,0.611163,0.0024842,0.134417,0.0149816,0.0049767,1,0.180334,0.0246054,0.646154,0.006017,1
36.463539,81.949081,0.0322581,0.29976,0.61128,0.045112,0.125096,0.0149816,0.0311042,0.306999,0.305721,0.0062144,0.646154,0.006017,2
36.06931,82.141633,0.078853,0.267969,0.61143,0.255961,0.1184,0.0149816,0.0239502,0.692212,0.563528,0.0608184,0.646154,0.006017,2
36.135803,81.971345,0.078853,0.276809,0.611551,0.232826,0.120803,0.0149816,0.352411,0.362667,0.640167,0.024798,0.646154,0.006017,2
47.899772,88.124084,0.483871,0.478561,0.611534,0.128393,0.956547,0.0810763,0.0466563,0.235506,0.142789,0.0061379,0.6,0.0303656,1
47.731242,88.220558,0.448029,0.55509,0.611344,0.0222515,0.972677,0.0810763,0.0118196,0.329067,0.106198,0.0010566,0.6,0.0303656,1
47.709762,87.813721,0.412186,0.362255,0.611488,0.0645307,0.902549,0.0810763,0.0506998,0.862875,0.106198,0.0145824,0.6,0.0303656,2
48.195387,87.231445,0.473118,0.642087,0.611775,0.06526,0.682307,0.0709445,0.0678072,0.211423,0.13671,0.0007026,0.6,0.0168947,2
46.995241,88.395996,0.383513,0.343568,0.611172,0.0043429,0.759046,0.0427118,0.007154,0.37126,0.105125,0.133685,0.292308,0.0123335,1
47.224319,89.742422,0.476703,0.435062,0.611199,0.100009,0.907155,0.0889897,0.0080871,0.211423,0.156019,0.0080724,0.738462,0.0039985,1
47.012362,89.829025,0.480287,0.524308,0.611197,0.0459656,0.914125,0.0889897,0.0015552,0.211423,0.176639,0.002384,0.738462,0.0039985,2
46.999105,89.529476,0.419355,0.329379,0.611269,0.0471831,0.934041,0.0889897,0.0087092,0.204586,0.114541,0.016511,0.846154,0.0039985,1
46.331847,89.543896,0.344086,0.721873,0.61121,0.0314013,0.819023,0.0889897,0.0049767,0.310116,0.117521,0.0035063,0.6,0.0039985,1
46.410582,88.693314,0.34767,0.531674,0.611223,0.0138065,0.724261,0.0889897,0.0012442,0.701085,0.101549,0.002822,0.6,0.0039985,1
46.51322,88.532596,0.34767,0.618438,0.611134,0.0009087,0.722549,0.0889897,0.0012442,0.701085,0.0972586,0.0073026,0.6,0.0039985,1
46.174779,89.9264,0.293907,0.688687,0.611237,0.0048961,0.79357,0.0889897,0.0037325,0.35262,0.121454,0.0069738,0.8,0.0039985,1
47.19884,89.305372,0.458781,0.591378,0.611285,0.0507145,0.905677,0.0889897,0.0258165,0.216732,0.140048,0.0035805,0.738462,0.0039985,1
47.294134,86.396484,0.333333,0.377219,0.611295,0.0297138,0.738044,0.070954,0.0230171,0.862875,0.148629,0.0193196,0.292308,0.0181317,5
47.208374,85.896606,0.290323,0.645266,0.611355,0.0843938,0.683982,0.070954,0.0699845,0.204586,0.237664,0.0091047,0.6,0.0181317,5
47.142095,86.798859,0.21147,0.382027,0.611308,0.0317787,0.786724,0.070954,0.02986,0.329067,0.122408,0.025637,0.753846,0.0181317,2
43.589872,92.609639,0.0896057,0.33721,0.611228,0.0284684,0.317539,0.0402389,0.0230171,0.235506,0.228367,0.0096173,0.292308,0.0076156,1
43.535358,93.425245,0.272401,0.482128,0.611172,0.0319126,0.308561,0.0402389,0.0102644,0.235506,0.237783,0.0120753,0.569231,0.0076156,1
43.336166,93.659821,0.268817,0.781577,0.611579,0.156007,0.256861,0.0266013,0.110109,0.352111,0.314422,0.0112988,0.292308,0.0052013,1
43.201641,93.717027,0.0537634,0.423664,0.611585,0.255741,0.235345,0.0266013,0.160498,0.37126,0.266508,0.0132039,0.6,0.0052013,0
43.165123,94.384918,0.0967742,0.582073,0.611284,0.173631,0.401995,0.0201917,0.157698,0.224181,0.399404,0.0061937,0.292308,0.0022547,1
45.171479,85.054264,0.258065,0.633481,0.611197,0.0022567,0.429649,0.192004,0.0037325,0.28598,0.0538737,0.0877233,0.6,0.0486053,1
38.822591,75.498047,0.0716846,0.287199,0.61142,0.238072,0.317895,0.036259,0.151477,0.352714,0.312038,0.0274222,0.8,0.0106447,2
38.341656,76.223145,0.0573477,0.339149,0.611371,0.192999,0.25673,0.036259,0.0771384,0.352714,0.353278,0.0026442,0.6,0.0106447,2
39.098894,75.787382,0.046595,0.578274,0.61117,0.0113774,0.29481,0.036259,0.0093313,0.28572,0.183433,0.0008101,0.569231,0.0106447,1
38.663162,74.95388,0.215054,0.292006,0.611181,0.0260639,0.319091,0.036259,0.0049767,0.362667,0.410369,0.0057825,0.8,0.0106447,2
38.032577,75.942178,0.0681004,0.282934,0.611714,0.171283,0.253387,0.036259,0.0454121,0.37126,0.338021,0.0057659,0.8,0.0106447,1
39.161745,75.898705,0.0358423,0.650306,0.611162,0.0037438,0.268931,0.036259,0.0049767,0.350615,0.174374,0.0052516,0.738462,0.0106447,1
46.392766,83.564072,0.275986,0.682019,0.611219,0.0083063,0.61901,0.0732078,0.0018662,0.0957942,0.0737783,0.0083176,0.6,0.131598,2
46.392026,83.565059,0.275986,0.682019,0.611219,0.0083063,0.61901,0.0732078,0.0018662,0.0957942,0.0737783,0.0083176,0.6,0.131598,2
46.509794,83.632522,0.362007,0.709933,0.611193,0.0051032,0.63712,0.0732078,0.0009331,0.39793,0.0764005,0.0027414,0.6,0.131598,1
46.215209,83.439016,0.250896,0.41467,0.611305,0.0119136,0.562944,0.0491976,0.01493,0.329067,0.0783075,0.012741,0.6,0.0105269,2
46.108529,83.616686,0.37276,0.697527,0.611258,0.0145154,0.497806,0.0491976,0.0108865,0.329067,0.106079,0.0202099,0.6,0.0105269,1
46.215239,83.438931,0.250896,0.41467,0.611305,0.0119136,0.562944,0.0491976,0.01493,0.329067,0.0783075,0.012741,0.6,0.0105269,1
45.939064,83.612566,0.326165,0.546174,0.611292,0.0335751,0.462358,0.0491976,0.0183515,0.235506,0.148153,0.0125199,0.846154,0.0105269,1
46.229401,83.371081,0.250896,0.577964,0.611389,0.01991,0.572663,0.0491976,0.0136858,0.524593,0.0750894,0.0268702,0.738462,0.0105269,2
45.826527,83.317094,0.240143,0.389005,0.611203,0.0238195,0.501085,0.0491976,0.0255054,0.235506,0.189988,0.0051528,0.292308,0.0105269,1
46.16937,83.209763,0.304659,0.429092,0.611373,0.0291182,0.609001,0.0427868,0.0289269,0.329067,0.105244,0.0074758,0.6,0.063541,1
46.205854,82.992053,0.344086,0.48616,0.611304,0.0213163,0.678565,0.0427868,0.0230171,0.524593,0.103218,0.0065526,0.846154,0.063541,1
46.34989,83.006644,0.272401,0.634721,0.611262,0.007107,0.669253,0.0427868,0.0090202,0.310116,0.0710369,0.0428309,0.738462,0.063541,1
46.388001,82.901459,0.286738,0.498721,0.611241,0.0137732,0.67411,0.0427868,0.0031104,0.402668,0.067938,0.0328267,0.6,0.063541,1
46.236882,83.066082,0.304659,0.431418,0.61131,0.0255355,0.668976,0.0427868,0.0242613,0.524593,0.0953516,0.0036653,0.6,0.063541,1
46.452997,82.74353,0.304659,0.379701,0.611334,0.0181974,0.670983,0.0427868,0.0037325,0.292609,0.0671037,0.0064872,0.6,0.063541,1
43.784542,82.511916,0.290323,0.557416,0.61117,0.0104853,0.672363,0.131366,0.007776,0.382044,0.146603,0.0086913,0.6,0.0394589,1
43.794393,82.704692,0.293907,0.682329,0.611168,0.00878,0.659356,0.131366,0.007154,0.235506,0.158522,0.0110056,0.292308,0.0394589,1
43.800898,82.498698,0.297491,0.782663,0.61117,0.0289638,0.672363,0.131366,0.0105754,0.382044,0.146961,0.0086913,0.769231,0.0394589,1
43.86136,82.196059,0.301075,0.80383,0.61139,0.0210939,0.59188,0.131366,0.0152411,0.235506,0.133969,0.0030938,0.6,0.0394589,1
43.75166,82.636027,0.301075,0.697914,0.611175,0.0057677,0.669324,0.131366,0.0068429,0.235506,0.153278,0.0063965,0.292308,0.0394589,1
43.527984,82.866955,0.286738,0.823292,0.611201,0.007107,0.601156,0.131366,0.0012442,0.395333,0.1118,0.0014953,0.846154,0.0394589,1
43.181147,83.518066,0.605735,0.760875,0.611277,0.130026,0.591677,0.189596,0.156765,0.302063,0.36758,0.0020226,0.292308,0.0863654,2
43.92528,87.507619,0.261649,0.637745,0.611284,0.0152027,0.43405,0.17686,0.0136858,0.424154,0.0927294,0.0199979,0.846154,0.0413166,2
44.299282,85.858841,0.336918,0.815228,0.611203,0.0054991,0.539222,0.130436,0.007465,0.26013,0.072348,0.0224796,0.6,0.132863,2
40.946714,78.239136,0.0537634,0.302396,0.611304,0.0646624,0.343109,0.0224947,0.0933126,0.862875,0.304887,0.0108834,0.8,0.0038218,4
36.650793,82.902832,0.0394265,0.290067,0.611251,0.0508874,0.109763,0.0134895,0.0451011,0.306999,0.315971,0.0132966,0.8,0.0006075,1
38.419066,75.064344,0.18638,0.352252,0.611291,0.106294,0.288106,0.036259,0.0469673,0.306999,0.468772,0.0094489,0.8,0.0106447,1
38.66333,74.953752,0.215054,0.292006,0.611181,0.0260639,0.319091,0.036259,0.0049767,0.362667,0.410369,0.0057825,0.8,0.0106447,2
47.219568,86.638184,0.25448,0.387299,0.611371,0.0409364,0.815853,0.070954,0.0398134,0.329067,0.140405,0.0529698,0.6,0.0181317,5
45.03702,81.311789,0.333333,0.868109,0.611232,0.0168333,0.429621,0.0410487,0.0093313,0.28864,0.140167,0.0049923,0.6,0.0477426,1
47.012654,89.829111,0.480287,0.524308,0.611197,0.0459656,0.914125,0.0889897,0.0015552,0.211423,0.176639,0.002384,0.738462,0.0039985,2
47.827908,85.770264,0.329749,0.428627,0.611203,0.0178242,0.701447,0.070954,0.0096423,1,0.0790226,0.0622244,0.753846,0.0181317,5
36.244273,80.763245,0.0430108,0.344964,0.611275,0.0676383,0.110846,0.0082835,0.0926905,0.862875,0.349344,0.0165867,0.8,0.0045557,1
43.713953,93.106771,0.308244,0.852369,0.61116,0.0093488,0.364214,0.0402389,0.007154,0.377816,0.215733,0.0254903,0.6,0.0076156,1
42.126747,81.677856,0.0860215,0.358843,0.611428,0.255176,0.418919,0.0498189,0.142768,0.235506,0.297735,0.0069331,0.6,0.0390391,1
45.521744,82.578735,0.111111,0.426688,0.61148,0.122014,0.329526,0.0427868,0.0849145,0.329067,0.187008,0.0246277,0.6,0.063541,2
48.429201,87.51709,0.637993,0.890207,0.611307,0.0759719,0.720421,0.0709445,0.044479,0.216732,0.231585,0.0045337,0.6,0.0168947,2
43.279267,82.688169,0.362007,0.848182,0.61136,0.0202631,0.556231,0.132134,0.0121306,0.211423,0.145173,0.0075178,0.6,0.0878689,1
43.278736,82.549682,0.333333,0.820733,0.611517,0.104226,0.531069,0.132134,0.0127527,0.204586,0.139452,0.0037123,0.769231,0.0878689,1
43.52842,82.866955,0.286738,0.823292,0.611201,0.007107,0.601156,0.131366,0.0012442,0.395333,0.1118,0.0014953,0.846154,0.0394589,1
43.380255,83.868856,0.275986,0.781422,0.611195,0.0234697,0.509671,0.189596,0.0121306,0.211423,0.148033,0.0019055,0.6,0.0863654,1
43.42556,83.522444,0.311828,0.813522,0.611396,0.0186804,0.640792,0.189596,0.0099533,0.288193,0.127056,0.0015363,0.738462,0.0863654,1
43.44566,83.262463,0.301075,0.621307,0.611266,0.0148026,0.691518,0.189596,0.007465,0.204586,0.119547,0.0110534,0.769231,0.0863654,1
43.418983,83.262849,0.315412,0.557572,0.611456,0.0430371,0.686168,0.189596,0.0348367,0.28572,0.131824,0.0110534,0.292308,0.0863654,1
43.430983,84.534302,0.580645,0.327285,0.611362,0.0515927,0.480261,0.131366,0.279316,0.493735,0.451371,0.0047913,0.292308,0.0394589,2
43.480826,87.429199,0.204301,0.780492,0.611234,0.0283681,0.500531,0.17686,0.0348367,0.204586,0.220501,0.0036068,0.6,0.0413166,2
46.658332,83.759165,0.401434,0.517485,0.611256,0.0126351,0.626879,0.0732078,0.0087092,0.329067,0.0912992,0.0034728,0.738462,0.131598,1
44.048116,83.111572,0.55914,0.758006,0.611651,0.22068,0.51155,0.131366,0.103266,0.493735,0.344934,0.0057701,0.6,0.0394589,1
44.209773,86.286621,0.344086,0.642785,0.611263,0.0206479,0.551657,0.122109,0.0090202,0.108459,0.0820024,0.0069952,0.738462,0.116435,3
43.798018,81.859989,0.247312,0.899822,0.611141,0.0064617,0.716458,0.120299,0.007465,0.281367,0.113111,0.0029995,0.6,0.157209,2
43.772147,81.810164,0.265233,0.869892,0.611171,0.0066252,0.725041,0.120299,0.0068429,0.159307,0.110727,0.0163027,0.6,0.157209,2
44.22552,86.050415,0.340502,0.664263,0.611296,0.0191641,0.548698,0.233884,0.0208398,0.422554,0.0862932,0.0101356,0.6,0.381208,1
43.991703,86.770878,0.354839,0.450958,0.611342,0.01649,0.451569,0.0865897,0.0136858,0.424154,0.117759,0.022821,0.6,0.10431,3
43.877046,86.393566,0.232975,0.529425,0.61146,0.0642538,0.517429,0.0865897,0.0547434,0.211423,0.184863,0.0099421,0.6,0.10431,1
44.154961,89.998841,0.344086,0.526867,0.611191,0.0060873,0.416152,0.0885723,0.0096423,0.377016,0.109178,0.0043759,0.292308,0.0685026,1
44.268805,86.671143,0.336918,0.5806,0.611164,0.0009087,0.458884,0.0865897,0.0015552,0.424154,0.0764005,0.0132361,0.6,0.10431,1
44.933696,80.639648,0.225806,0.506862,0.611705,0.189177,0.49374,0.0410487,0.138725,0.186768,0.284148,0.0089931,0.6,0.0477426,2
47.546872,86.088867,0.301075,0.330309,0.611294,0.0120745,0.733597,0.070954,0.0217729,0.329067,0.11764,0.0168142,0.292308,0.0181317,5
43.76316,81.057129,0.283154,0.443204,0.611212,0.0071204,0.753206,0.0507009,0.0080871,0.395333,0.0983313,0.0160192,0.6,0.149229,1
43.405047,82.304077,0.229391,0.693495,0.611269,0.0257444,0.440906,0.132134,0.0102644,0.225158,0.113468,0.0052796,0.738462,0.0878689,1
44.801327,85.995483,0.315412,0.335349,0.611227,0.0040134,0.461391,0.122109,0.0040436,1,0.0611442,0.0536385,0.292308,0.116435,3
44.621754,86.923828,0.336918,0.316198,0.611154,0.0019951,0.44079,0.0865897,0.0018662,0.349628,0.0653159,0.0798332,0.6,0.10431,3
43.963816,87.666779,0.27957,0.620299,0.611309,0.0214164,0.42899,0.0884083,0.01493,0.424154,0.0914184,0.0104844,0.846154,0.0371514,2
44.370987,89.044189,0.315412,0.364581,0.611144,0.0015097,0.389101,0.0930207,0.0027994,1,0.0860548,0.0448147,0.292308,0.0670652,1
46.331758,84.539795,0.11828,0.330309,0.61144,0.0564843,0.469526,0.0732078,0.066563,0.329067,0.141597,0.0219892,0.6,0.131598,2
45.767523,82.63916,0.344086,0.898581,0.61152,0.168777,0.475888,0.0427868,0.227372,0.302063,0.33528,0.0024147,0.6,0.063541,2
47.50978,87.945557,0.376344,0.338063,0.611261,0.0050661,0.871438,0.0810763,0.0199067,0.862875,0.0860548,0.0067684,0.6,0.0303656,1
46.653443,83.07724,0.340502,0.550283,0.611177,0.0044756,0.752156,0.103625,0.0115086,0.308121,0.0766389,0.001643,0.6,0.253707,1
46.301406,84.715576,0.100358,0.292549,0.61118,0.0099487,0.423707,0.0732078,0.0040436,0.35262,0.0946365,0.0749551,0.815385,0.131598,2
45.023068,86.358032,0.286738,0.324184,0.611229,0.0101235,0.43992,0.122109,0.0068429,1,0.0603099,0.105147,0.292308,0.116435,3
44.676466,86.97876,0.322581,0.363806,0.611168,0.0031548,0.441258,0.0865897,0.0049767,0.424154,0.0653159,0.125341,0.6,0.10431,1
44.496505,90.065918,0.215054,0.298907,0.611238,0.0059614,0.428334,0.0885723,0.0052877,0.349628,0.0908224,0.212079,0.8,0.0685026,2
44.441624,85.880127,0.329749,0.759246,0.611187,0.003387,0.536713,0.130436,0.0031104,0.0764587,0.0653159,0.009367,0.569231,0.132863,2
45.344424,82.990723,0.193548,0.576956,0.611572,0.0847695,0.340729,0.0491976,0.186936,0.235506,0.249106,0.0044834,0.6,0.0105269,2
44.902578,81.112061,0.261649,0.539971,0.61133,0.0717965,0.358644,0.0410487,0.0357698,0.204586,0.188796,0.0023295,0.6,0.0477426,2
44.758436,81.589966,0.179211,0.56044,0.611355,0.0732011,0.538713,0.126858,0.0395023,0.204586,0.220501,0.0115121,0.6,0.074322,1
44.221584,90.758057,0.27957,0.337986,0.611173,0.006661,0.412179,0.0080241,0.0059098,1,0.130393,0.163265,0.8,0.0336208,1
44.095476,89.571533,0.354839,0.682872,0.611185,0.0088344,0.413702,0.0885723,0.007154,0.350615,0.10143,0.0068375,0.738462,0.0685026,2
45.236218,84.023438,0.315412,0.354268,0.611457,0.048746,0.443124,0.0491976,0.0494557,0.37126,0.0989273,0.0547243,0.6,0.0105269,2
36.461032,81.223671,0.0286738,0.274172,0.61119,0.0139234,0.115258,0.0082835,0.0167963,0.862875,0.240167,0.0304591,0.8,0.0045557,0
36.594329,79.190333,0.0322581,0.363883,0.611816,0.440965,0.133834,0.0247599,0.181026,0.279788,0.384863,0.0097912,0.6,0.0011928,0
37.500195,81.28073,0.0071685,0.276809,0.611169,0.0088669,0.108891,0.0082835,0.0006221,1,0.17056,0.0321784,0.646154,0.0045557,0
37.497182,89.083064,0.0215054,0.282624,0.611149,0.0123511,0.127008,0.0214008,0.0087092,0.1967,0.483433,0.0068511,0.8,0.0003041,0
37.690125,79.640032,0.0107527,0.284175,0.611141,0.0013301,0.134222,0.008558,0.0049767,0.862875,0.16913,0.0822907,0.815385,0.0113021,0
37.702895,81.27472,0.0107527,0.278437,0.611158,0.0026686,0.109135,0.0082835,0.0021773,1,0.167938,0.0524533,0.646154,0.0045557,0
37.758633,80.852972,0.0107527,0.276188,0.611155,0.0026172,0.109721,0.0166896,0.0024883,1,0.165316,0.226379,0.815385,0.0168894,0
37.817094,78.814162,0.0143369,0.276809,0.611134,0.0008867,0.141485,0.0296861,0.0027994,1,0.170799,0.191289,0.646154,0.0058629,0
37.800635,78.924309,0.0143369,0.275956,0.611135,0.0013769,0.143293,0.0296861,0.0040436,1,0.170799,0.202734,0.646154,0.0058629,0
37.8312,82.203775,0.0071685,0.283632,0.611314,0.0036497,0.110119,0.0149816,0.0332815,1,0.175566,0.346089,0.646154,0.006017,0
37.869909,81.007057,0.0107527,0.270373,0.611175,0.0068754,0.1087,0.0082835,0.0027994,1,0.164005,0.24395,0.646154,0.0045557,0
37.850711,89.716068,0.0286738,0.289292,0.611203,0.0466814,0.125843,0.0214008,0.0432348,0.436975,0.489511,0.0237892,0.646154,0.0003041,0
37.929741,79.969175,0.0107527,0.28084,0.611148,0.0037747,0.126584,0.008558,0.0065319,0.862875,0.16615,0.160857,0.815385,0.0113021,0
38.000783,81.133147,0.0107527,0.273319,0.611165,0.0047796,0.108838,0.0082835,0.0034215,1,0.163766,0.208557,0.646154,0.0045557,0
38.098219,79.622026,0.0107527,0.283864,0.61114,0.0043429,0.132842,0.008558,0.0040436,0.862875,0.165197,0.365604,0.815385,0.0113021,0
38.092016,80.483067,0.0107527,0.279212,0.611148,0.004234,0.119832,0.008558,0.0034215,0.182757,0.162813,0.0276257,0.815385,0.0113021,0
38.166347,81.635196,0.0071685,0.308366,0.611142,0.0027359,0.109611,0.0149816,0.0031104,1,0.162098,0.169418,0.8,0.006017,0
38.164228,82.688858,0.0071685,0.27394,0.611139,0.0029133,0.0949688,0.0134895,0.0031104,0.862875,0.162694,0.303674,0.815385,0.0006075,0
38.143043,83.635913,0.0071685,0.302551,0.611159,0.0037438,0.0690385,0.0134895,0.0012442,1,0.162574,0.0242462,0.646154,0.0006075,0
38.187133,79.002065,0.0143369,0.281461,0.611157,0.0088912,0.143423,0.0296861,0.0099533,1,0.166269,0.412908,0.646154,0.0058629,0
38.21514,79.645689,0.0107527,0.274172,0.611137,0.0005776,0.133253,0.008558,0.0012442,0.862875,0.16329,0.411985,0.646154,0.0113021,0
38.277162,82.687339,0.0071685,0.278127,0.611168,0.0039196,0.0914895,0.0134895,0.007154,1,0.162217,0.353942,0.646154,0.0006075,0
38.277391,83.46163,0.0071685,0.261301,0.611196,0.0085028,0.0633871,0.0129525,0.0068429,1,0.161263,0.164963,0.646154,0.0009376,0
38.411043,83.03368,0.0071685,0.275568,0.611203,0.0094941,0.0733381,0.0134895,0.0090202,1,0.161383,0.275014,0.646154,0.0006075,0
38.422996,80.801735,0.0071685,0.262387,0.611138,0.0015097,0.119665,0.008558,0.0009331,0.862875,0.158403,0.0144746,0.815385,0.0113021,0
38.447606,81.137919,0.0071685,0.271769,0.611167,0.0043483,0.111897,0.0166896,0.007465,1,0.158522,0.114023,0.646154,0.0168894,0
38.42531,83.948824,0.0071685,0.276809,0.611169,0.0208948,0.056022,0.0129525,0.0024883,1,0.156615,0.284529,0.646154,0.0009376,0
38.475997,81.033493,0.0071685,0.263472,0.611143,0.0013922,0.112792,0.0166896,0.0021773,1,0.155662,0.0364542,0.646154,0.0168894,0
38.592832,79.91007,0.0107527,0.272622,0.611137,0.0019616,0.124688,0.008558,0.000311,1,0.160906,0.44038,0.646154,0.0113021,0
38.619553,82.046984,0.0071685,0.28433,0.611147,0.0017857,0.107113,0.0149816,0.0018662,0.297565,0.154112,0.54721,0.815385,0.006017,0
38.68094,82.425434,0.0071685,0.275801,0.611158,0.0033528,0.099641,0.0149816,0.0037325,1,0.153159,0.626778,0.646154,0.006017,0
38.781221,85.134346,0.0107527,0.27014,0.611177,0.0048041,0.097567,0.0129525,0.0065319,1,0.151371,0.312233,0.646154,0.0009376,0
38.825788,80.412874,0.0107527,0.275258,0.611255,0.0152441,0.121487,0.008558,0.0111975,1,0.158999,0.200529,0.646154,0.0113021,0
38.80572,81.622101,0.0107527,0.2689,0.611159,0.0035728,0.102618,0.0082835,0.0018662,1,0.153397,0.348512,0.646154,0.0045557,0
38.817383,85.427804,0.0107527,0.277661,0.611373,0.0275536,0.098032,0.0129525,0.0233281,1,0.155066,0.270552,0.646154,0.0009376,0
38.839579,85.470538,0.0107527,0.284562,0.611366,0.0067355,0.098388,0.0129525,0.000311,1,0.14553,0.270552,0.646154,0.0009376,0
38.923211,82.314713,0.0071685,0.274482,0.611139,0.0006923,0.117206,0.0149816,0.0006221,0.862875,0.150894,0.749524,0.815385,0.006017,0
38.920885,83.506116,0.0107527,0.27549,0.611233,0.0226469,0.0066424,0.0129525,0.0133748,1,0.153874,0.591078,0.646154,0.0009376,0
38.995568,86.498857,0.0107527,0.272156,0.611171,0.0040134,0.11783,0.0129525,0.0031104,1,0.140644,0.161816,0.646154,0.0009376,0
39.00302,81.060953,0.0107527,0.258975,0.611143,0.0005776,0.111651,0.0166896,0.0024883,1,0.152205,0.0977882,0.646154,0.0168894,0
39.022614,85.918919,0.0107527,0.275258,0.61117,0.0095244,0.108827,0.0129525,0.0124417,1,0.145292,0.312926,0.646154,0.0009376,0
39.091399,86.342279,0.0143369,0.275258,0.611172,0.011016,0.116717,0.0129525,0.007776,0.862875,0.140644,0.250042,0.646154,0.0009376,0
39.124039,86.552834,0.0107527,0.269287,0.611171,0.0049534,0.120261,0.0129525,0.0018662,0.862875,0.137664,0.223891,0.815385,0.0009376,0
39.138659,83.939637,0.0071685,0.279135,0.611242,0.0066538,0.0184164,0.0129525,0.0177294,1,0.151371,0.736403,0.646154,0.0009376,0
39.236539,79.867236,0.0107527,0.272699,0.611153,0.0030738,0.150673,0.008558,0.0027994,1,0.154112,0.431482,0.646154,0.0113021,0
39.244835,83.821186,0.0071685,0.277817,0.611251,0.0190217,0.0179837,0.0129525,0.0083981,1,0.147318,0.785713,0.646154,0.0009376,0
39.277695,84.247087,0.0071685,0.278204,0.611278,0.0118385,0.065007,0.0129525,0.0090202,1,0.1441,0.861496,0.646154,0.0009376,0
39.274787,85.555371,0.0107527,0.281228,0.611224,0.0073283,0.114318,0.0129525,0.0068429,1,0.140524,0.505609,0.646154,0.0009376,0
39.318835,82.443016,0.0071685,0.26983,0.611137,0.0024477,0.124968,0.0149816,0.000311,1,0.144815,0.826203,0.815385,0.006017,0
39.337876,80.24232,0.0107527,0.27487,0.611138,0.002373,0.140933,0.008558,0.0024883,1,0.15292,0.349538,0.646154,0.0113021,0
39.345148,84.417466,0.0071685,0.279677,0.611309,0.0118425,0.0865055,0.0129525,0.0024883,0.862875,0.139213,0.862154,0.646154,0.0009376,0
39.350734,84.860439,0.0071685,0.276964,0.611287,0.0210962,0.106361,0.0129525,0.007154,1,0.14112,0.69928,0.646154,0.0009376,0
39.403024,79.465735,0.0107527,0.27394,0.611145,0.0042119,0.154093,0.055794,0.0015552,1,0.150775,0.25375,0.646154,0.0369894,0
39.399848,83.977959,0.0071685,0.28084,0.611251,0.0124212,0.0541629,0.0129525,0.0052877,1,0.142789,0.933351,0.646154,0.0009376,0
39.389862,86.763561,0.0071685,0.267504,0.611221,0.0066824,0.124346,0.0129525,0.0161742,1,0.135399,0.30648,0.646154,0.0009376,0
39.43843,90.802393,0.0143369,0.289525,0.611305,0.0645227,0.157194,0.0214008,0.0261275,1,0.208462,0.0824908,0.646154,0.0003041,0
39.436782,91.518032,0.0107527,0.287741,0.611256,0.0281768,0.183503,0.0214008,0.0111975,1,0.224553,0.0221341,0.646154,0.0003041,0
39.474623,86.664809,0.0107527,0.271924,0.611201,0.0075116,0.123983,0.0129525,0.0055988,1,0.131824,0.388286,0.646154,0.0009376,0
39.576293,80.491431,0.0107527,0.264868,0.611138,0.0013458,0.131728,0.0108894,0.0009331,1,0.148033,0.211917,0.646154,0.0525852,0
39.543026,83.120595,0.0071685,0.275723,0.611189,0.0041449,0.101378,0.0066179,0.0083981,1,0.145411,0.903523,0.646154,0.0152483,0
39.58002,91.384727,0.0107527,0.286501,0.611231,0.0191337,0.181944,0.0214008,0.0161742,1,0.194994,0.0554317,0.646154,0.0003041,0
39.613469,79.873085,0.0143369,0.277196,0.61117,0.002039,0.153603,0.0108894,0.0037325,1,0.148033,0.232282,0.646154,0.0525852,0
39.592946,84.165754,0.0071685,0.283787,0.611306,0.0078474,0.0906087,0.0129525,0.0062208,1,0.139928,0.961361,0.815385,0.0009376,0
39.587347,86.629309,0.0107527,0.274172,0.61123,0.016034,0.124327,0.0129525,0.0065319,1,0.129678,0.492242,0.646154,0.0009376,0
39.642703,79.726955,0.0143369,0.279833,0.611208,0.0153154,0.160365,0.055794,0.0059098,1,0.148272,0.137155,0.646154,0.0369894,0
39.639261,80.925363,0.0143369,0.270606,0.61115,0.0015655,0.124354,0.0108894,0.0012442,0.182757,0.146126,0.0075374,0.8,0.0525852,0
39.631925,82.536746,0.0071685,0.278592,0.611154,0.0020606,0.14583,0.0066179,0.0015552,1,0.141955,0.793247,0.646154,0.0152483,0
39.673677,82.095875,0.0071685,0.266806,0.611145,0.0018813,0.142651,0.0066179,0.0018662,1,0.143504,0.616708,0.646154,0.0152483,0
39.727989,80.88878,0.0143369,0.275103,0.611146,0.0026686,0.12128,0.0108894,0.0027994,0.182757,0.145173,0.0215107,0.8,0.0525852,0
39.752037,83.069675,0.0071685,0.284717,0.611178,0.0050101,0.128908,0.0066179,0.0034215,1,0.139094,0.764683,0.646154,0.0152483,0
39.77985,91.507306,0.0035842,0.27487,0.611203,0.0166596,0.184835,0.0214008,0.0171073,1,0.162455,0.0592361,0.646154,0.0003041,0
39.803073,81.193092,0.0143369,0.26324,0.611147,0.0006923,0.114804,0.0692544,0.0012442,1,0.143862,0.148511,0.646154,0.0782614,0
39.823351,82.225694,0.0107527,0.265876,0.611158,0.0007697,0.156502,0.0066179,0.0024883,1,0.140763,0.584467,0.646154,0.0152483,0
39.818157,87.733392,0.0071685,0.275413,0.611443,0.0482205,0.117055,0.0214008,0.0049767,1,0.115256,0.382642,0.646154,0.0003041,0
39.833882,79.788005,0.0143369,0.283322,0.611137,0.0007697,0.163282,0.055794,0.0012442,0.162081,0.144577,0.0526078,0.8,0.0369894,0
39.840753,85.701796,0.0071685,0.27394,0.611388,0.0243489,0.128549,0.0129525,0.0143079,1,0.132062,0.727144,0.646154,0.0009376,0
39.84982,87.664784,0.0035842,0.278747,0.611399,0.0100902,0.127339,0.0214008,0.0248834,1,0.124553,0.358368,0.646154,0.0003041,0
39.886699,79.731346,0.0143369,0.304489,0.611142,0.0016593,0.167797,0.055794,0.0015552,0.862875,0.143504,0.0302438,0.8,0.0369894,0
39.877596,82.9682,0.0071685,0.276421,0.61115,0.0011977,0.147952,0.0066179,0.0024883,1,0.137664,0.652106,0.646154,0.0152483,0
39.916261,83.903325,0.0071685,0.282546,0.611251,0.0148287,0.131343,0.0066179,0.0130638,1,0.139333,0.717077,0.646154,0.0152483,0
39.892416,84.500846,0.0071685,0.286113,0.611337,0.0067778,0.151291,0.0129525,0.0037325,1,0.133135,0.814395,0.646154,0.0009376,0
39.904472,91.293227,0.0035842,0.288594,0.61125,0.0190829,0.178324,0.0214008,0.014619,1,0.13242,0.135038,0.646154,0.0003041,0
39.956355,82.73815,0.0107527,0.266651,0.611151,0.0044808,0.162169,0.0066179,0.0012442,1,0.137068,0.632581,0.646154,0.0152483,0
40.029157,83.835671,0.0071685,0.277119,0.611138,0.002039,0.147641,0.0066179,0.0012442,1,0.133969,0.639274,0.646154,0.0152483,0
40.006968,87.08377,0.0071685,0.277274,0.611459,0.0483075,0.130238,0.0214008,0.0034215,1,0.118951,0.415198,0,0.0003041,0
40.054345,82.209427,0.0107527,0.270838,0.611137,0.0028659,0.173227,0.0066179,0.0009331,1,0.138498,0.452583,0.646154,0.0152483,0
40.12403,80.307459,0.0107527,0.28022,0.611132,0.000274,0.140238,0.0108894,0.0006221,0.162081,0.141716,0.194412,0.8,0.0525852,0
40.133419,85.687993,0.0071685,0.275568,0.611391,0.0094026,0.138138,0.0129525,0.0335925,1,0.130155,0.539844,0.646154,0.0009376,0
40.128647,86.983854,0.0071685,0.276731,0.611446,0.0071171,0.132146,0.0214008,0.0167963,1,0.123957,0.373174,0.646154,0.0003041,0
40.170655,81.61078,0.0143369,0.265721,0.611147,0.0019951,0.137344,0.0692544,0.0018662,1,0.13969,0.232933,0.646154,0.0782614,0
40.168547,82.447151,0.0107527,0.267504,0.611132,0.0016063,0.184621,0.0066179,0.0009331,1,0.13528,0.480788,0.646154,0.0152483,0
40.245827,83.257021,0.0107527,0.268279,0.611135,0.0011267,0.184039,0.0066179,0.0009331,1,0.13242,0.422369,0.646154,0.0152483,0
40.228102,83.918543,0.0071685,0.281306,0.611141,0.0033321,0.175408,0.0066179,0.0021773,1,0.133611,0.498172,0.646154,0.0152483,0
40.349517,81.998935,0.0107527,0.261379,0.611134,0.0009721,0.178905,0.0692544,0.0009331,1,0.137545,0.227293,0.646154,0.0782614,0
40.340311,82.766129,0.0107527,0.266186,0.611142,0.0035468,0.200247,0.0066179,0.0009331,1,0.132658,0.368606,0.646154,0.0152483,0
40.3577,92.577553,0.0035842,0.293557,0.611177,0.0022168,0.207725,0.0214008,0.0065319,1,0.12789,0.163381,0.646154,0.0003041,0
40.405741,84.63451,0.0143369,0.274405,0.611143,0.0015097,0.176446,0.0191223,0.0034215,1,0.125983,0.464105,0.646154,0.009753,0
40.522108,84.899606,0.0143369,0.275568,0.611149,0.0015655,0.177675,0.0191223,0.000311,1,0.125626,0.348878,0.646154,0.009753,0
40.55809,86.515096,0.0107527,0.277351,0.611291,0.0028897,0.147711,0.0191223,0.0043546,1,0.120739,0.265454,0.646154,0.009753,0
40.630407,89.937681,0.0035842,0.272466,0.611144,0.0024751,0.149761,0.0214008,0.0018662,0.862875,0.112157,0.0148963,0.8,0.0003041,0
40.650326,91.534307,0.0107527,0.273474,0.611367,0.0243819,0.185878,0.0214008,0.0217729,0.509683,0.134923,0.569704,0.8,0.0003041,0
40.647318,93.415398,0.0179211,0.267349,0.611216,0.0019951,0.241895,0.0214008,0.0099533,0.862875,0.150775,0.0641232,0.876923,0.0003041,0
40.702122,93.2428,0.0107527,0.256261,0.611194,0.0192097,0.240123,0.0214008,0.0121306,0.639265,0.151847,0.157029,0.8,0.0003041,0
40.710179,86.21953,0.0107527,0.276809,0.611257,0.01924,0.146738,0.0191223,0.0046656,1,0.119785,0.215262,0.646154,0.009753,0
40.738531,88.542771,0.0071685,0.274327,0.611496,0.0791482,0.106458,0.0191223,0.0087092,0.862875,0.117998,0.0069793,0.8,0.009753,0
40.775038,89.281825,0.0035842,0.27487,0.611189,0.0093694,0.128391,0.0191223,0.0227061,0.509683,0.134803,0.0877728,0.8,0.009753,0
40.852928,85.024969,0.0143369,0.275723,0.611135,0.0002217,0.187417,0.0191223,0.0006221,1,0.1236,0.0847134,0.646154,0.009753,0
40.981189,85.289068,0.0107527,0.458866,0.611136,0.0008867,0.171936,0.0191223,0.0012442,0.395333,0.12205,0.0139062,0.753846,0.009753,0
40.967962,88.246799,0.0143369,0.283399,0.611226,0.0228468,0.10116,0.0191223,0.0164852,0.862875,0.146246,0.0673716,0.8,0.009753,0
41.039032,90.016566,0.0071685,0.278669,0.611197,0.0072135,0.166362,0.0214008,0.0087092,0.639265,0.16031,0.199781,0.8,0.0003041,0
41.029799,92.121742,0.0143369,0.266651,0.611187,0.0092482,0.215772,0.0214008,0.0009331,0.509683,0.138856,0.559951,0.8,0.0003041,0
41.129378,83.92255,0.0143369,0.611382,0.611144,0.0015097,0.245352,0.0806422,0.0018662,0.182757,0.129559,0.0405756,0.8,0.0377376,0
41.176461,93.94266,0.0250896,0.281073,0.611187,0.000274,0.253902,0.0266013,0.0161742,0.509683,0.164958,0.0600527,0.8,0.0052013,0
41.207761,89.926353,0.0143369,0.286733,0.611299,0.0178297,0.164905,0.0214008,0.0195956,0.862875,0.188677,0.233206,0.8,0.0003041,0
41.232691,93.470739,0.0179211,0.285415,0.611196,0.0170736,0.246338,0.0266013,0.0037325,0.509683,0.152682,0.277539,0.8,0.0052013,0
41.251114,93.176596,0.0107527,0.277041,0.611425,0.0468734,0.23737,0.0266013,0.0261275,1,0.153754,0.406524,0.646154,0.0052013,0
41.25774,93.91518,0.0250896,0.275025,0.611148,0.0057471,0.25265,0.0266013,0.007776,0.341482,0.16615,0.113219,0.8,0.0052013,0
41.316439,93.119244,0.0107527,0.279677,0.611183,0.0130636,0.236402,0.0266013,0.0099533,1,0.143266,0.457955,0.646154,0.0052013,0
41.294917,93.750076,0.0215054,0.286191,0.611193,0.0157088,0.249156,0.0266013,0.0121306,0.509683,0.163051,0.189054,0.8,0.0052013,0
41.35984,90.695947,0.0071685,0.275878,0.611186,0.0070902,0.179849,0.0213548,0.0027994,0.509683,0.145173,0.471974,0.8,0.0029789,0
41.351929,93.353323,0.0215054,0.282159,0.611171,0.0122707,0.243695,0.0266013,0.0099533,0.509683,0.148033,0.37174,0.8,0.0052013,0
41.376356,85.037433,0.0143369,0.359076,0.611132,0.0007188,0.218485,0.0324851,0.0006221,0.297565,0.123957,0.0222916,0.292308,0.0195842,0
41.375261,90.042146,0.0250896,0.268667,0.611187,0.0195107,0.168905,0.0213548,0.0093313,0.509683,0.18522,0.214817,0.8,0.0029789,0
41.441096,87.406113,0.0179211,0.295805,0.611271,0.0705249,0.175026,0.0191223,0.0202177,0.306999,0.216925,0.0429727,0.8,0.009753,0
41.420916,87.460146,0.0179211,0.291463,0.611214,0.0573713,0.175026,0.0191223,0.0301711,0.306999,0.214541,0.0526482,0.8,0.009753,0
41.478614,84.985312,0.0250896,0.271148,0.611136,0.0016593,0.223562,0.0324851,0.0049767,0.28598,0.125864,0.0743479,0.646154,0.0195842,0
41.487195,91.272913,0.0179211,0.268047,0.611226,0.0151389,0.201957,0.0213548,0.0152411,0.509683,0.145292,0.719546,0.8,0.0029789,0
41.46759,92.807435,0.0215054,0.277739,0.611189,0.0043268,0.233043,0.0266013,0.0031104,0.509683,0.141716,0.662791,0.8,0.0052013,0
41.475012,93.172758,0.0143369,0.283089,0.611166,0.0134374,0.240601,0.0266013,0.0158631,0.509683,0.159356,0.515368,0.646154,0.0052013,0
41.603008,88.855038,0.0286738,0.311623,0.611246,0.0252527,0.134884,0.089802,0.0012442,0.862875,0.172825,0.0273272,0.8,0.0101473,0
41.78471,87.305545,0.0035842,0.276731,0.611249,0.0217621,0.194512,0.0341261,0.0143079,0.855083,0.150536,0.135654,0.8,0.0238441,0
41.762191,90.781593,0.0215054,0.278825,0.611172,0.0075369,0.195476,0.0213548,0.0127527,0.862875,0.176281,0.623163,0.8,0.0029789,0
41.768325,91.646802,0.0215054,0.272932,0.611193,0.0244486,0.218641,0.0213548,0.0183515,0.639265,0.16615,0.915854,0.8,0.0029789,0
41.779332,91.927032,0.0179211,0.274482,0.611168,0.0127037,0.223691,0.0266013,0.007465,0.862875,0.153993,0.846638,0.8,0.0052013,0
41.75041,92.702562,0.0071685,0.282469,0.611225,0.0077863,0.23074,0.0266013,0.007154,0.862875,0.154946,0.629723,0.8,0.0052013,0
41.764737,93.658393,0.0143369,0.287664,0.611356,0.0289234,0.248147,0.0266013,0.0180404,0.862875,0.152443,0.427582,0.646154,0.0052013,0
41.815108,90.01001,0.0286738,0.27487,0.611226,0.0203301,0.188355,0.0213548,0.0255054,0.509683,0.150417,0.225319,0.8,0.0029789,0
41.858745,92.941832,0.0035842,0.294565,0.611204,0.0139823,0.243055,0.0266013,0.0124417,0.862875,0.144339,0.504632,0.8,0.0052013,0
41.895949,92.527368,0.0107527,0.284407,0.611185,0.017177,0.229077,0.0266013,0.0164852,0.862875,0.134207,0.589245,0.8,0.0052013,0
41.93111,93.289244,0.0107527,0.281926,0.611193,0.0152457,0.237241,0.0266013,0.0205288,0.862875,0.130989,0.430064,0.646154,0.0052013,0
42.02237,91.396915,0.0250896,0.293091,0.611318,0.0079833,0.202161,0.0213548,0.0040436,0.862875,0.138021,0.750653,0.8,0.0029789,0
42.027892,91.81147,0.0215054,0.287819,0.611255,0.0128116,0.235914,0.0266013,0.0108865,0.862875,0.143385,0.729705,0.8,0.0052013,0
42.055626,89.469006,0.0322581,0.262852,0.611292,0.020511,0.177948,0.0258993,0.0115086,0.862875,0.142312,0.110408,0.8,0.0095306,0
42.078551,90.004888,0.0322581,0.268124,0.611247,0.0225608,0.188238,0.0213548,0.0283048,0.509683,0.134446,0.194903,0.8,0.0029789,0
42.056308,90.434887,0.0250896,0.292936,0.611184,0.0149426,0.204495,0.0213548,0.0093313,0.509683,0.144815,0.404969,0.8,0.0029789,0
42.130816,91.718784,0.0179211,0.274095,0.611229,0.0112218,0.231717,0.0266013,0.0031104,0.862875,0.138856,0.724388,0.8,0.0052013,0
42.196756,89.225832,0.0143369,0.265488,0.611299,0.0354675,0.160043,0.0258993,0.0472784,0.862875,0.162336,0.0844797,0.8,0.0095306,0
42.236209,89.738757,0.0071685,0.277274,0.611203,0.0147682,0.188861,0.0213548,0.0174184,0.509683,0.107271,0.0391025,0.8,0.0029789,0
42.396501,92.035824,0.0107527,0.304722,0.611242,0.0125911,0.2314,0.0266013,0.0133748,0.862875,0.1,0.481133,0.8,0.0052013,0
42.40588,92.368746,0.0071685,0.275801,0.611953,0.0255059,0.241319,0.0266013,0.0242613,0.862875,0.0491061,0.336926,0.8,0.0052013,0
42.450209,90.495002,0.0143369,0.279135,0.611291,0.0135752,0.191555,0.0213548,0.0130638,0.862875,0.0933254,0.304637,0.8,0.0029789,0
42.453128,90.769973,0.0179211,0.287664,0.611198,0.0104416,0.191651,0.0213548,0.007776,0.862875,0.102265,0.342264,0.815385,0.0029789,0
42.430878,91.685305,0.0071685,0.278747,0.611521,0.0498037,0.22237,0.0266013,0.0255054,0.862875,0.0954708,0.59004,0.8,0.0052013,0
42.433813,92.048628,0.0107527,0.272544,0.611294,0.0257963,0.23347,0.0266013,0.0152411,0.862875,0.0926102,0.431556,0.8,0.0052013,0
42.487315,90.643505,0.0143369,0.27518,0.611212,0.0091228,0.192208,0.0213548,0.0080871,0.862875,0.094994,0.289172,0.815385,0.0029789,0
42.50615,90.911613,0.0143369,0.291075,0.611238,0.0143915,0.19637,0.0213548,0.0115086,0.862875,0.0963051,0.33203,0.8,0.0029789,0
43.029928,95.834583,0.0215054,0.283632,0.611232,0.0175623,0.265696,0.0201917,0.0127527,0.862875,0.141955,0.129131,0.646154,0.0022547,0
43.796714,95.47773,0.0107527,0.307591,0.611415,0.002373,0.151248,0.0201917,0.0183515,0.35262,0.0815256,0.0851487,0.8,0.0022547,0
43.849543,94.370386,0.0286738,0.256339,0.611385,0.0355259,0.302836,0.0201917,0.0289269,0.862875,0.0839094,0.0988009,0.8,0.0022547,0
43.958621,94.551672,0.0179211,0.251919,0.611213,0.0044756,0.261635,0.0201917,0.0024883,0.35262,0.0576877,0.171986,0.8,0.0022547,0
43.97748,94.786121,0.0107527,0.287121,0.611485,0.0412073,0.194555,0.0201917,0.0575428,0.35262,0.0799762,0.200368,0.646154,0.0022547,0
44.795909,92.39451,0.0143369,0.282391,0.611277,0.0183831,0.372343,0.0402389,0.0130638,0.862875,0.0904648,0.165582,0.8,0.0076156,0
44.833717,92.325397,0.0179211,0.241994,0.611329,0.0241442,0.376325,0.0402389,0.0052877,0.862875,0.0939213,0.122825,0.8,0.0076156,0
44.866544,92.507423,0.0179211,0.281383,0.611488,0.0432796,0.376307,0.0402389,0.0195956,0.862875,0.0859356,0.104126,0.8,0.0076156,0
44.866544,92.507423,0.0179211,0.281383,0.611488,0.0432796,0.376307,0.0402389,0.0195956,0.862875,0.0859356,0.104126,0.8,0.0076156,0
44.866544,92.507423,0.0179211,0.281383,0.611488,0.0432796,0.376307,0.0402389,0.0195956,0.862875,0.0859356,0.104126,0.8,0.0076156,0
34.648589,78.673104,0.336918,0.306505,0.611274,0.0463673,0.138663,0.0247599,0.0301711,0.692212,0.638856,0.0255486,0.646154,0.0011928,0
35.189943,78.173393,0.419355,0.318446,0.611377,0.224778,0.149609,0.0247599,0.0531882,0.692212,0.648629,0.0238313,0.646154,0.0011928,0
35.189943,78.381606,0.369176,0.273009,0.611188,0.126447,0.147247,0.0247599,0.0108865,0.692212,0.676877,0.0009977,0.646154,0.0011928,0
35.314871,78.506533,0.197133,0.294875,0.611333,0.0967687,0.145983,0.0247599,0.0584759,0.692212,0.659476,0.0010762,0.646154,0.0011928,0
35.398156,78.339963,0.247312,0.290533,0.611207,0.131307,0.14787,0.0247599,0.0255054,0.420497,0.643147,0.0406334,0.646154,0.0011928,0
35.439798,79.714168,0.100358,0.287819,0.611153,0.072414,0.125758,0.0247599,0.0183515,0.862875,0.609297,0.0489914,0.646154,0.0011928,0
35.439798,84.086639,0.0967742,0.281693,0.611185,0.0395247,0.105108,0.0134895,0.0279938,0.862875,0.60739,0.0223222,0.646154,0.0006075,0
35.523083,83.045574,0.0824373,0.282624,0.611189,0.0517754,0.109337,0.0134895,0.0332815,0.436975,0.632896,0.0226865,0.646154,0.0006075,0
35.564726,78.548176,0.114695,0.257192,0.611389,0.131511,0.145895,0.0247599,0.113219,0.692212,0.658165,0.0096772,0.646154,0.0011928,0
35.564726,79.047887,0.0896057,0.289835,0.611273,0.0344696,0.136496,0.0247599,0.0730949,0.692212,0.644934,0.0450526,0.646154,0.0011928,0
35.564726,79.2561,0.0716846,0.278204,0.611267,0.137521,0.128978,0.0247599,0.0839813,0.692212,0.620262,0.140611,0.646154,0.0011928,0
35.648011,79.755811,0.301075,0.257424,0.611315,0.083739,0.124848,0.0247599,0.101089,0.692212,0.690822,0.0223092,0.292308,0.0011928,0
35.648011,83.29543,0.100358,0.28999,0.611191,0.0546891,0.107881,0.0134895,0.0230171,0.436975,0.6323,0.161246,0.646154,0.0006075,0
35.731296,78.29832,0.146953,0.317903,0.611271,0.0941608,0.148816,0.0296861,0.0939347,0.692212,0.658045,0.0617196,0.646154,0.0058629,0
35.772939,84.128281,0.111111,0.285105,0.611154,0.0143089,0.107737,0.0134895,0.014619,0.436975,0.59416,0.234644,0.646154,0.0006075,0
35.814582,79.42267,0.236559,0.263937,0.611333,0.135317,0.127528,0.0247599,0.102644,0.692212,0.63969,0.0338762,0.646154,0.0011928,0
35.856224,77.507111,0.111111,0.303714,0.611324,0.185356,0.16407,0.0552993,0.112597,0.692212,0.635161,0.0156833,0.646154,0.0160544,0
35.856224,79.297742,0.179211,0.262309,0.611589,0.407565,0.128536,0.0247599,0.137792,0.692212,0.613349,0.0160056,0.646154,0.0011928,0
35.856224,80.213879,0.236559,0.292083,0.611616,0.383086,0.121085,0.0247599,0.0388802,0.692212,0.531585,0.0070526,0.6,0.0011928,0
35.897867,79.2561,0.157706,0.260526,0.611452,0.276685,0.129086,0.0247599,0.300156,0.692212,0.6441,0.014296,0.646154,0.0011928,0
35.897867,80.338807,0.125448,0.275335,0.611509,0.373575,0.11943,0.0082835,0.247278,0.692212,0.630632,0.0047939,0,0.0045557,0
35.939509,82.879004,0.168459,0.281926,0.611137,0.0127037,0.110782,0.0134895,0.0068429,0.436975,0.613349,0.156919,0.646154,0.0006075,0
36.022794,84.58635,0.125448,0.27929,0.611176,0.0494956,0.0989299,0.0134895,0.0255054,0.436975,0.622527,0.289131,0.646154,0.0006075,0
36.10608,80.796875,0.0860215,0.425293,0.61136,0.107327,0.115,0.0082835,0.117263,0.352714,0.400358,0.0171583,0.6,0.0045557,0
36.10608,82.00451,0.0824373,0.27014,0.61146,0.188743,0.119541,0.0149816,0.11353,0.362667,0.505006,0.024798,0.8,0.006017,0
36.147722,76.424404,0.21147,0.301931,0.611687,0.324237,0.201877,0.0454826,0.0099533,0.692212,0.470203,0.0024092,0.646154,0.0014129,0
36.147722,77.465469,0.11828,0.329224,0.611256,0.0663118,0.173772,0.0552993,0.102644,0.692212,0.651013,0.0468309,0.646154,0.0160544,0
36.189365,90.624524,0.275986,0.270295,0.611184,0.0283767,0.12172,0.0214008,0.0292379,0.644969,0.611204,0.0066385,0.646154,0.0003041,0
36.231007,80.71359,0.0537634,0.334341,0.611311,0.0873088,0.113335,0.0082835,0.0426128,0.37126,0.335638,0.0023418,0.8,0.0045557,0
36.231007,83.087217,0.125448,0.265023,0.611269,0.0489617,0.108923,0.0134895,0.154899,0.420497,0.637664,0.0804432,0.646154,0.0006075,0
36.27265,77.632039,0.121864,0.248042,0.611394,0.153796,0.163972,0.0552993,0.0864697,0.692212,0.609178,0.0267461,0.646154,0.0160544,0
36.27265,78.381606,0.111111,0.293789,0.611304,0.103834,0.14949,0.0296861,0.0264386,0.420497,0.476639,0.0069881,0.646154,0.0058629,0
36.314292,79.339385,0.179211,0.354191,0.611672,0.435995,0.128559,0.0247599,0.0690513,0.417016,0.441836,0.0023384,0.8,0.0011928,0
36.314292,89.291961,0.046595,0.361402,0.611191,0.089434,0.111947,0.0214008,0.0407465,0.436975,0.595352,0.0339423,0.292308,0.0003041,0
36.314292,90.291383,0.293907,0.21253,0.611345,0.0696626,0.12201,0.0214008,0.146501,0.436975,0.649702,0.014743,0,0.0003041,0
36.43922,77.756967,0.157706,0.298286,0.611542,0.396784,0.162825,0.0296861,0.116641,0.692212,0.550179,0.0063343,0.646154,0.0058629,0
36.43922,78.922959,0.0645161,0.317981,0.611475,0.34429,0.136624,0.0247599,0.218663,0.417016,0.51025,0.002419,0.646154,0.0011928,0
36.43922,79.047887,0.0537634,0.560596,0.611531,0.367156,0.13507,0.0247599,0.1521,0.279788,0.411204,0.0023519,0.6,0.0011928,0
36.43922,87.001619,0.304659,0.264325,0.611192,0.0794728,0.111952,0.0129525,0.0609642,0.692212,0.652324,0.0274115,0.646154,0.0009376,0
36.480863,85.710699,0.143369,0.291386,0.611144,0.0190943,0.102832,0.0129525,0.0099533,0.420497,0.598093,0.29587,0.646154,0.0009376,0
36.480863,89.708387,0.243728,0.388152,0.611447,0.234509,0.122594,0.0214008,0.0360809,0.644969,0.602861,0.0748405,0.292308,0.0003041,0
36.480863,90.208098,0.215054,0.387299,0.611211,0.0228564,0.122275,0.0214008,0.0395023,0.436975,0.594994,0.0231346,0.646154,0.0003041,0
36.564148,76.049621,0.0896057,0.307668,0.611646,0.559141,0.220101,0.0454826,0.341835,0.692212,0.516806,0.0087272,0.6,0.0014129,0
36.564148,79.131172,0.0358423,0.468559,0.611542,0.0898171,0.134581,0.0247599,0.260342,0.279788,0.415256,0.0004549,0.6,0.0011928,0
36.564148,83.420358,0.078853,0.292471,0.611483,0.184074,0.108038,0.0134895,0.234215,0.320807,0.551967,0.0139694,0.646154,0.0006075,0
36.564148,87.043262,0.232975,0.305032,0.611151,0.0355732,0.11191,0.0129525,0.0143079,0.420497,0.614899,0.0743324,0.646154,0.0009376,0
36.605791,82.462578,0.046595,0.287896,0.611289,0.0863921,0.11435,0.0149816,0.0684292,0.37126,0.34124,0.005734,0.8,0.006017,0
36.605791,88.125969,0.154122,0.376522,0.611264,0.137947,0.112434,0.0214008,0.0304821,0.436975,0.602861,0.11041,0.292308,0.0003041,0
36.605791,89.083748,0.143369,0.325657,0.611141,0.0098881,0.114917,0.0214008,0.0065319,0.436975,0.583313,0.188167,0.292308,0.0003041,0
36.605791,90.208098,0.204301,0.353493,0.611193,0.0558545,0.122439,0.0214008,0.0357698,0.692212,0.579023,0.0014074,0.292308,0.0003041,0
36.647433,76.132906,0.100358,0.282236,0.612176,0.106438,0.218433,0.0454826,0.138103,0.362667,0.414064,0.0067902,0.8,0.0014129,0
36.647433,82.795719,0.0358423,0.285415,0.611281,0.0505077,0.110441,0.0134895,0.0544323,0.306999,0.316806,0.0316371,0.8,0.0006075,0
36.647433,83.670213,0.0609319,0.297046,0.611228,0.0734404,0.106194,0.0134895,0.0342146,0.320807,0.387247,0.0066654,0.8,0.0006075,0
36.647433,87.876113,0.111111,0.237187,0.611281,0.0121482,0.111316,0.0214008,0.0065319,0.424923,0.581049,0.0150488,0.646154,0.0003041,0
36.689076,77.465469,0.27957,0.309762,0.611552,0.460355,0.174648,0.0552993,0.367963,0.692212,0.587008,0.0045703,0,0.0160544,0
36.689076,88.750608,0.136201,0.306816,0.611151,0.0146894,0.113446,0.0214008,0.0161742,0.436975,0.572944,0.116508,0.646154,0.0003041,0
36.730718,88.62568,0.146953,0.3583,0.611144,0.0162053,0.113648,0.0214008,0.0111975,0.436975,0.566985,0.0485358,0.292308,0.0003041,0
36.772361,83.920068,0.0573477,0.334031,0.611302,0.083164,0.10352,0.0129525,0.0650078,0.320807,0.393445,0.0035274,0.8,0.0009376,0
36.814003,89.791672,0.132616,0.479414,0.611321,0.141732,0.123133,0.0214008,0.0917574,0.436975,0.568176,0.0115199,0.292308,0.0003041,0
36.814003,90.582881,0.125448,0.329224,0.611142,0.0111377,0.122333,0.0214008,0.0130638,0.619618,0.542312,0.0289162,0.646154,0.0003041,0
36.855646,78.215035,0.111111,0.432349,0.611523,0.306645,0.151015,0.0296861,0.247589,0.279788,0.447199,0.0044976,0.8,0.0058629,0
36.897289,76.132906,0.189964,0.305808,0.61153,0.191968,0.219072,0.0454826,0.37605,0.362667,0.621454,0.0111501,0.292308,0.0014129,0
36.897289,78.506533,0.046595,0.369233,0.611526,0.115319,0.146555,0.0296861,0.112286,0.279788,0.387485,0.0089974,0.6,0.0058629,0
36.897289,78.881316,0.0358423,0.317981,0.611616,0.174566,0.138995,0.0296861,0.18818,0.279788,0.384386,0.0165937,0.6,0.0058629,0
36.938931,89.625102,0.11828,0.315035,0.611138,0.0048041,0.123613,0.0214008,0.0043546,0.482545,0.526102,0.0726705,0.8,0.0003041,0
36.980574,76.466047,0.16129,0.494689,0.611617,0.273873,0.212972,0.0552993,0.242924,0.692212,0.54267,0.0044158,0.292308,0.0160544,0
36.980574,78.381606,0.046595,0.346127,0.611528,0.271131,0.148267,0.0296861,0.142457,0.352714,0.409774,0.0334669,0.6,0.0058629,0
37.022216,76.257834,0.121864,0.333178,0.611342,0.264527,0.216988,0.0552993,0.180093,0.362667,0.477116,0.0176071,0.8,0.0160544,0
37.022216,77.423826,0.0681004,0.312476,0.611819,0.256851,0.176343,0.0552993,0.110109,0.362667,0.390942,0.0014842,0.6,0.0160544,0
37.022216,89.791672,0.111111,0.338063,0.611161,0.0081698,0.12366,0.0214008,0.0096423,0.411053,0.517759,0.0259517,0.8,0.0003041,0
37.063859,75.54991,0.290323,0.360704,0.611215,0.0881672,0.244338,0.0454826,0.0279938,0.362667,0.486651,0.0009325,0.8,0.0014129,0
37.063859,90.374668,0.0896057,0.289602,0.611176,0.0331726,0.122789,0.0214008,0.0255054,1,0.507271,0.0286941,0.646154,0.0003041,0
37.105501,85.502486,0.157706,0.281616,0.611352,0.125416,0.0972231,0.0129525,0.134681,0.692212,0.558164,0.0084501,0.646154,0.0009376,0
37.188787,89.791672,0.078853,0.309452,0.611152,0.0145968,0.123936,0.0214008,0.0118196,0.411053,0.501669,0.007241,0.8,0.0003041,0
37.230429,85.585772,0.154122,0.248585,0.611413,0.341696,0.0962394,0.0129525,0.154899,0.692212,0.554946,0.0088608,0.646154,0.0009376,0
37.272072,75.008557,0.451613,0.355742,0.611534,0.0762244,0.240274,0.0454826,0.0656299,0.692212,0.554112,0.0006339,0.646154,0.0014129,0
37.313714,75.883051,0.0573477,0.31643,0.612054,0.219963,0.225456,0.0454826,0.196268,0.641956,0.387247,0.0037734,0.8,0.0014129,0
37.355357,75.799766,0.078853,0.404358,0.6116,0.304211,0.240988,0.0454826,0.205599,0.641956,0.440644,0.0077338,0.646154,0.0014129,0
37.355357,85.544129,0.046595,0.293944,0.611257,0.0741946,0.0947271,0.0129525,0.0553655,0.37126,0.350179,0.0046827,0.646154,0.0009376,0
37.355357,86.501908,0.0645161,0.290998,0.611416,0.0945994,0.106734,0.0129525,0.201866,0.692212,0.648033,0.0150261,0.646154,0.0009376,0
37.355357,90.291383,0.0967742,0.294642,0.611169,0.034591,0.123339,0.0214008,0.0108865,0.436975,0.48379,0.0308994,0.646154,0.0003041,0
37.480285,88.667322,0.09319,0.352097,0.611179,0.0466924,0.12129,0.0214008,0.0413686,0.436975,0.570799,0.0947546,0.646154,0.0003041,0
37.56357,87.043262,0.0752688,0.301931,0.611261,0.141336,0.114417,0.0129525,0.109798,0.436975,0.463886,0.0220109,0.646154,0.0009376,0
37.56357,90.166455,0.107527,0.442739,0.611397,0.19522,0.123906,0.0214008,0.0930016,0.680076,0.547437,0.0335689,0.646154,0.0003041,0
37.646855,89.750029,0.046595,0.383888,0.611347,0.0863572,0.125268,0.0214008,0.0942457,0.680076,0.552443,0.0824057,0.292308,0.0003041,0
37.688498,75.38334,0.114695,0.284252,0.611394,0.173184,0.224302,0.0454826,0.307932,0.362667,0.521573,0.0263037,0.8,0.0014129,0
37.688498,88.750608,0.0573477,0.282004,0.611166,0.0414717,0.124016,0.0214008,0.0528771,0.436975,0.53826,0.0406874,0.8,0.0003041,0
37.771783,75.841408,0.0860215,0.562999,0.611739,0.495486,0.244556,0.0454826,0.217107,0.352714,0.417044,0.0082869,0.6,0.0014129,0
37.813425,86.293695,0.0358423,0.322866,0.61153,0.104248,0.100809,0.0129525,0.127838,0.37126,0.371871,0.0059481,0.8,0.0009376,0
37.813425,89.333604,0.0609319,0.298984,0.611338,0.162983,0.127673,0.0214008,0.0786936,0.680076,0.531466,0.0061043,0.646154,0.0003041,0
37.89671,87.792828,0.078853,0.287664,0.611223,0.0502384,0.126529,0.0214008,0.0251944,0.436975,0.493802,0.0623214,0.646154,0.0003041,0
37.89671,88.584037,0.0716846,0.270838,0.61115,0.0129485,0.128073,0.0214008,0.0171073,0.436975,0.48534,0.0215926,0.646154,0.0003041,0
38.063281,89.458531,0.0250896,0.26921,0.611162,0.0089984,0.127988,0.0214008,0.0055988,0.467501,0.425626,0.0094595,0.8,0.0003041,0
38.188209,75.050199,0.232975,0.230674,0.611464,0.371167,0.255909,0.0454826,0.210575,0.692212,0.598451,0.0084465,0.646154,0.0014129,0
38.188209,88.209254,0.0609319,0.282391,0.611371,0.101946,0.13413,0.0214008,0.0786936,0.414658,0.474613,0.0364736,0.8,0.0003041,0
38.313136,88.042684,0.0358423,0.290998,0.61134,0.0562688,0.136033,0.0214008,0.0342146,0.414658,0.417521,0.0098201,0.8,0.0003041,0
38.438064,75.54991,0.150538,0.396371,0.61151,0.466197,0.285862,0.036259,0.206532,0.692212,0.505006,0.0104436,0.646154,0.0106447,0
38.438064,89.167033,0.0645161,0.3117,0.611303,0.130296,0.132233,0.0214008,0.0510109,0.414658,0.471752,0.0306019,0.8,0.0003041,0
38.562992,75.175127,0.491039,0.210049,0.611358,0.250348,0.307609,0.036259,0.0976672,0.692212,0.592253,0.0041576,0.292308,0.0106447,0
38.562992,89.9166,0.0215054,0.262232,0.611156,0.0187142,0.125416,0.0214008,0.0152411,0.311871,0.373897,0.135012,0.8,0.0003041,0
38.604634,89.958242,0.0250896,0.263472,0.61116,0.0162844,0.125081,0.0214008,0.0108865,0.862875,0.372944,0.169868,0.8,0.0003041,0
38.646277,75.54991,0.111111,0.355509,0.611592,0.3094,0.302909,0.036259,0.392224,0.529964,0.529082,0.0066888,0.8,0.0106447,0
38.646277,75.633195,0.107527,0.539505,0.611763,0.290028,0.300374,0.036259,0.198134,0.529964,0.377473,0.0087819,0.292308,0.0106447,0
38.687919,73.800922,0.240143,0.28557,0.611247,0.0659668,0.330221,0.036259,0.081804,0.692212,0.564243,0.0191631,0.646154,0.0106447,0
38.687919,75.508268,0.139785,0.307126,0.611585,0.356612,0.309476,0.036259,0.333748,0.529964,0.521693,0.0102186,0.8,0.0106447,0
38.771205,88.917178,0.0215054,0.295573,0.611921,0.224793,0.137737,0.0214008,0.401555,0.414658,0.451132,0.023378,0.8,0.0003041,0
38.771205,89.750029,0.0322581,0.275258,0.611212,0.0588403,0.126338,0.0214008,0.0513219,0.862875,0.461025,0.100586,0.8,0.0003041,0
38.812847,74.966914,0.222222,0.281693,0.611264,0.0969242,0.34017,0.036259,0.0880249,0.362667,0.442312,0.0136752,0.8,0.0106447,0
38.937775,89.500174,0.0358423,0.300147,0.611694,0.246081,0.127986,0.0214008,0.106687,0.414658,0.317998,0.0187638,0.8,0.0003041,0
38.979418,89.833315,0.0394265,0.296193,0.611557,0.283176,0.125197,0.0214008,0.108865,0.37126,0.375447,0.0071594,0.8,0.0003041,0
39.02106,90.124813,0.0322581,0.328371,0.61133,0.205098,0.118567,0.0214008,0.103577,0.833181,0.37652,0.0331504,0.8,0.0003041,0
39.02106,90.874379,0.0250896,0.299139,0.611498,0.183951,0.154339,0.0214008,0.14619,0.833181,0.484267,0.0212314,0.8,0.0003041,0
39.645699,74.09242,0.136201,0.30511,0.611485,0.183705,0.376063,0.0706866,0.262519,0.362667,0.486055,0.0160962,0.8,0.0007498,0
39.853912,75.258412,0.0573477,0.514228,0.611718,0.322417,0.533313,0.0706866,0.163297,0.37126,0.378665,0.0098323,0.6,0.0007498,0
39.937197,74.383918,0.0824373,0.281693,0.611474,0.0478732,0.401771,0.0706866,0.136858,0.37126,0.370918,0.0136188,0.8,0.0007498,0
39.937197,75.091842,0.100358,0.34287,0.611489,0.0526794,0.486966,0.0706866,0.0183515,0.235506,0.364243,0.0032005,0.8,0.0007498,0
40.062125,74.300633,0.222222,0.387454,0.611516,0.0976483,0.397852,0.0706866,0.216174,0.235506,0.451728,0.0050617,0.6,0.0007498,0
40.187052,74.800344,0.383513,0.573544,0.611387,0.119257,0.431031,0.0706866,0.0556765,0.417016,0.447437,0.0029632,0.292308,0.0007498,0
40.187052,75.841408,0.09319,0.331783,0.611326,0.0795943,0.39748,0.0706866,0.0510109,0.417016,0.36913,0.0096237,0.6,0.0007498,0
40.31198,74.841986,0.390681,0.302241,0.611466,0.203535,0.429942,0.0706866,0.139658,0.417016,0.508462,0.0051867,0.292308,0.0007498,0
40.31198,75.091842,0.136201,0.409785,0.611427,0.0451909,0.442259,0.0706866,0.0643857,0.417016,0.405959,0.0082667,0.6,0.0007498,0
40.811691,77.840252,0.0537634,0.385283,0.611755,0.246255,0.280433,0.0224947,0.111975,0.235506,0.343981,0.0059617,0.6,0.0038218,0
40.811691,78.13175,0.0501792,0.428704,0.611796,0.243909,0.302485,0.0224947,0.199067,0.279788,0.372944,0.0431029,0.6,0.0038218,0
40.811691,78.589818,0.0573477,0.541521,0.611418,0.112101,0.332481,0.0224947,0.134059,0.417016,0.393087,0.0132607,0.6,0.0038218,0
41.811113,80.755233,0.136201,0.473366,0.611612,0.304396,0.242425,0.039409,0.144012,0.235506,0.323004,0.0033503,0.569231,0.0442706,0
41.852755,80.88016,0.146953,0.52865,0.611779,0.402759,0.274808,0.039409,0.192846,0.235506,0.316687,0.0082365,0.292308,0.0442706,0
41.894398,81.171658,0.157706,0.542684,0.611727,0.219357,0.323358,0.0498189,0.190047,0.235506,0.315614,0.0037588,0.6,0.0390391,0
41.936041,80.630305,0.351254,0.27898,0.611516,0.0516111,0.2644,0.039409,0.115397,0.417016,0.38677,0.0234888,0.292308,0.0442706,0
42.060968,81.005088,0.408602,0.586881,0.611742,0.118344,0.400263,0.0498189,0.0827372,0.417016,0.416925,0.0071562,0.476923,0.0390391,0
42.060968,85.627414,0.0358423,0.403117,0.611447,0.276574,0.228624,0.0702067,0.17916,0.327799,0.335161,0.0256194,0.6,0.0735209,0
42.102611,85.377559,0.046595,0.446383,0.6115,0.252707,0.250172,0.0702067,0.219285,0.327799,0.354708,0.0122245,0.6,0.0735209,0
42.394109,81.754654,0.566308,0.255486,0.611422,0.278247,0.464859,0.0597174,0.199378,0.732181,0.512634,0.0185946,0,0.071946,0
42.435752,83.586928,0.318996,0.26355,0.61145,0.295768,0.382865,0.0806422,0.255988,0.417016,0.459237,0.003165,0.292308,0.0377376,0
42.560679,87.709543,0.0286738,0.474296,0.611322,0.195862,0.259075,0.0341261,0.324106,0.414658,0.354946,0.0425399,0.6,0.0238441,0
42.602322,87.251475,0.0609319,0.49182,0.611438,0.12599,0.334583,0.0341261,0.0335925,0.414658,0.349583,0.0088869,0.6,0.0238441,0
42.643964,82.379293,0.243728,0.836939,0.611682,0.291866,0.479077,0.0192824,0.133126,0.424923,0.337187,0.0090907,0.292308,0.0305861,0
42.685607,85.960555,0.0501792,0.345041,0.611586,0.408962,0.264199,0.0850934,0.20311,0.369327,0.413588,0.0123284,0.292308,0.0110083,0
42.685607,86.626836,0.125448,0.496472,0.611617,0.40611,0.269227,0.0850934,0.31944,0.692212,0.461144,0.0045652,0.292308,0.0110083,0
42.810535,81.796297,0.215054,0.813212,0.611628,0.447677,0.508792,0.0192824,0.120684,0.186768,0.345173,0.0036397,0.123077,0.0305861,0
42.852177,85.627414,0.301075,0.583469,0.611162,0.232971,0.314982,0.0850934,0.0006221,0.33581,0.332896,0.0043584,0.6,0.0110083,0
42.852177,85.960555,0.0752688,0.33062,0.611594,0.330222,0.289099,0.0850934,0.257232,0.692212,0.429082,0.0082495,0.292308,0.0110083,0
42.852177,86.876692,0.09319,0.406994,0.611388,0.0808615,0.488083,0.0850934,0.0606532,0.414658,0.372586,0.0022446,0.292308,0.0110083,0
42.89382,82.545863,0.562724,0.62627,0.611413,0.0765455,0.525824,0.0192824,0.227683,0.424923,0.425387,0.0013522,0.292308,0.0305861,0
42.89382,87.209832,0.0645161,0.360549,0.6113,0.109201,0.46217,0.0850934,0.171073,0.414658,0.391895,0.0133353,0.292308,0.0110083,0
42.935462,83.586928,0.37276,0.463596,0.611198,0.0208354,0.482845,0.0850934,0.0195956,0.327799,0.325745,0.024758,0.6,0.0110083,0
42.935462,85.252631,0.383513,0.399783,0.611174,0.0208645,0.353596,0.0850934,0.0161742,0.308121,0.327056,0.0018307,0.6,0.0110083,0
42.977105,84.794563,0.340502,0.836008,0.611538,0.0516343,0.426325,0.0850934,0.0096423,0.327799,0.321335,0.0043558,0.6,0.0110083,0
42.977105,85.502486,0.405018,0.514926,0.611225,0.083424,0.364524,0.0850934,0.0463453,0.33581,0.372944,0.005059,0.292308,0.0110083,0
42.977105,87.459688,0.046595,0.401721,0.611501,0.211639,0.430057,0.17686,0.195956,0.414658,0.371514,0.0317679,0.6,0.0413166,0
43.102033,87.33476,0.100358,0.370629,0.611531,0.219101,0.494495,0.17686,0.251633,0.33581,0.425626,0.0046905,0.292308,0.0413166,0
43.310246,86.460266,0.146953,0.318369,0.611524,0.190007,0.500392,0.0865897,0.339347,0.692212,0.483075,0.0098414,0.292308,0.10431,0
43.310246,89.791672,0.0537634,0.472978,0.611707,0.253033,0.271015,0.0258993,0.211509,0.235506,0.358522,0.0210839,0.6,0.0095306,0
43.351888,84.503065,0.483871,0.944406,0.611357,0.113507,0.471918,0.0850934,0.102955,0.252743,0.325626,0.0076327,0.6,0.0110083,0
43.393531,86.002197,0.218638,0.320617,0.61144,0.25695,0.443786,0.0850934,0.375739,0.692212,0.483671,0.0053431,0.292308,0.0110083,0
43.435173,89.208676,0.154122,0.415601,0.612346,0.352911,0.258492,0.0258993,0.102022,0.369327,0.295709,0.0083385,0.461538,0.0095306,0
43.518459,90.666166,0.0681004,0.67349,0.611398,0.101194,0.351669,0.0213548,0.110731,0.202716,0.345173,0.0492108,0.6,0.0029789,0
43.726671,85.585772,0.164875,0.29976,0.611559,0.264662,0.507616,0.130436,0.366096,0.692212,0.484982,0.0051773,0.646154,0.132863,0
43.726671,88.875535,0.340502,0.49686,0.611617,0.178211,0.340141,0.0930207,0.239502,0.221646,0.415018,0.0018465,0.292308,0.0670652,0
43.768314,93.497862,0.157706,0.599132,0.611454,0.155182,0.323067,0.0402389,0.112286,0.260816,0.353635,0.0023378,0.292308,0.0076156,0
43.976527,83.212145,0.623656,0.305575,0.611367,0.0142122,0.534096,0.131366,0.217107,0.33581,0.455304,0.0057893,0.292308,0.0394589,0
44.01817,83.12886,0.623656,0.299605,0.611493,0.0502675,0.511513,0.131366,0.194401,0.33581,0.440286,0.0057701,0.292308,0.0394589,0
44.059812,84.044996,0.197133,0.226022,0.611443,0.278411,0.488985,0.0585177,0.334681,0.493735,0.475805,0.0239869,0.292308,0.0511885,0
44.18474,82.587506,0.125448,0.631232,0.611533,0.328859,0.544274,0.051452,0.167341,0.33581,0.334684,0.0160015,0.6,0.0267307,0
44.226382,83.420358,0.250896,0.221912,0.61133,0.218583,0.45163,0.051452,0.109798,0.493735,0.459833,0.004221,0,0.0267307,0
45.017591,80.338807,0.204301,0.716368,0.6116,0.124151,0.592421,0.0410487,0.149611,0.186768,0.360072,0.0040741,0.6,0.0477426,0
48.015857,88.500752,0.681004,0.502908,0.611298,0.121312,0.870232,0.0427118,0.0709176,0.228431,0.33528,0.0150431,0.292308,0.0123335,0
